isocode,pc_gdp,gender_index,population,pop_density,pct_u14,pct_65plus,inflation,electricity,pct_urban,short_name,wb_region,inc_group,precipitation,infant_mort,life_exp,energy_use,pc_co2,trade,pct_tropical,temperature
ALB,13696.5339985413,91.25,2866376,104.612262773723,18.0052663384505,13.739521828078,2.02805963071136,100,60.319,Albania,Europe & Central Asia,Upper middle income,1485,7.6,78.358,762.287986301806,3.03394692198397,71.2794476606014,0.3593177499296619,11.05608321348921
DZA,13727.1266357859,57.5,42505035,17.846203680417,30.3410419495008,5.61800854886956,4.26999020467084,99.6,72.629,Algeria,"Middle East, North Africa, Afghanistan & Pakistan",Upper middle income,89,21.9,75.159,1414.49702064392,5.90170863830007,53.2046225904145,1,16.46676423040871
AGO,7347.79993635052,73.125,31297155,25.1039985561883,45.1972407715653,2.69303871230468,19.6289379701521,45.3,65.514,Angola,Sub-Saharan Africa,Lower middle income,1010,51.1,61.042,517.525209417242,2.90416885581749,62.8885160890192,1,20.44588043078357
ARM,12877.4937543553,85,2969000,104.285212504391,20.4515725191837,11.7116892663124,2.52023382001638,99.9,63.149,Armenia,Europe & Central Asia,Upper middle income,562,12.8,74.8707317073171,1084.52062940136,2.93679691140252,71.6820743427575,0.024724411370179864,7.507083727661582
AUS,50183.6898127634,96.875,24963258,3.24534491589985,18.7618242578521,15.6409676060892,1.91140094445691,100,86.012,Australia,East Asia & Pacific,High income,534,3.3,82.4,5318.66679266228,25.2795820623913,41.6639319280984,1,19.998020237284223
AUT,56636.4953030542,94.375,8840521,107.131858943286,14.4299641791993,18.7625828458159,1.9983798142954,100,58.297,Austria,Europe & Central Asia,High income,1110,3.1,81.190243902439,3795.51037374619,9.50729627399959,103.11758174626,0.0012255100369607654,9.313429326564277
AZE,15282.9995232298,78.75,9939771,120.25759188908,23.7619094314226,6.3688767423245,2.26854690373999,100,55.68,Azerbaijan,Europe & Central Asia,Upper middle income,447,21.1,72.349,1510.91856857889,5.53024294612451,72.6015079073189,0.9609690069730401,17.450769005034974
BHR,51993.1307818652,40,1503091,1931.99357326478,19.8433119628372,2.77238869129833,2.08766938046978,100,89.287,Bahrain,"Middle East, North Africa, Afghanistan & Pakistan",High income,83,6.3,80.338,10405.6390717453,43.0634551587145,147.916060172904,1,21.914953396289697
BGD,5490.15881865179,49.375,163523103,1256.22726434662,29.7445382083272,5.45814402305543,5.54362139486476,86.9,36.632,Bangladesh,South Asia,Lower middle income,2666,30,70.543,237.713163558492,1.43405848367474,42.0859963070382,1,25.386105183715223
BLR,20025.9815543598,75.625,9438785,46.5010592176569,16.8691642464038,15.0511533137392,4.87230220550684,99.3,78.595,Belarus,Europe & Central Asia,Upper middle income,618,3.1,73.6243902439025,2660.14026759548,9.43366272504311,115.914826201946,0,5.248013100774205
BEL,52466.7330784599,100,11427054,374.74351490506,16.9466264692847,18.8086209996758,2.05316499865186,100,98.001,Belgium,Europe & Central Asia,High income,847,3.4,80.9926829268293,4661.53453241131,11.2411297444181,155.068682045926,0,9.363441016705725
BEN,2965.30628143664,74.375,12383347,109.820388435615,43.0653989157617,3.02828051946374,0.919170717886054,39,47.312,Benin,Sub-Saharan Africa,Lower middle income,1039,57,59.123,379.492026672934,1.19739300839448,56.7563131849476,1,26.342908440223063
BOL,8952.58785284444,88.75,11508368,10.6234357980246,31.6221465980233,5.65831749558234,2.27205987230155,92.8,69.425,Bolivia,Latin America & Caribbean,Lower middle income,1146,27.1,67.205,748.85994552389,4.28899366801017,67.9328451905248,1,15.892467676725467
BIH,14858.2798898982,85,3387000,66.15234375,13.8188367286684,18.9760112193682,1.41710814018034,100,48.245,Bosnia and Herzegovina,Europe & Central Asia,Upper middle income,1028,5.9,77.073,1755.04377103361,7.9064021138307,88.2919898407608,0.02569381045809083,10.81610653295905
BWA,15785.819633781,63.75,2299141,4.05685423393856,33.6297773820744,3.78395670382982,3.23801558947715,68.3,69.446,Botswana,Sub-Saharan Africa,Upper middle income,416,47.2,63.215,1308.13445233238,5.91420128145718,112.900891016005,1,20.230568953335688
BRA,15463.7426393889,81.875,206107261,24.659465024515,21.3525316348572,8.92785021515533,3.66485028376729,99.7,86.569,Brazil,Latin America & Caribbean,Upper middle income,1761,13.7,75.106,1477.71135638764,6.20950537519842,26.95362593736,1,20.732285193263024
BRN,65148.8264520382,53.125,437810,83.0759013282732,22.3246640376694,4.97590847160694,1.02505179290212,100,77.629,Brunei Darussalam,East Asia & Pacific,High income,2722,8.5,74.88,6437.00247398227,23.2658001193713,89.8961883759738,1,25.238009531094843
BGR,24053.2540736361,90.625,6710798,61.816488577745,14.3011088444414,21.1708879702475,2.81454473824829,98.7,75.008,Bulgaria,Europe & Central Asia,High income,608,6.8,74.6146341463415,2637.66768452202,9.14488006901267,126.73664221295,0.08538148241029962,10.885523177535035
BFA,2073.3235382155,82.5,20438288,74.7013450292398,44.8544883015642,2.55480791737547,1.95594302672523,14.4,29.358,Burkina Faso,Sub-Saharan Africa,Low income,748,56.3,58.778,279.219982120516,1.50127650201542,59.0891813101662,1,27.295600544952205
KHM,5616.98087023303,75,16274522,92.196476319963807,31.5280544500187,5.09207597900805,2.45908515380146,80.7,23.388,Cambodia,East Asia & Pacific,Lower middle income,1904,27.7,69.398,379.745573981888,2.36247884643215,122.109596815379,1,26.322341528343163
CMR,4010.76360069526,60,24806383,52.4769583888642,42.8972212514819,2.79116064603211,1.0688581131292,62.2,56.374,Cameroon,Sub-Saharan Africa,Lower middle income,1604,53.2,59.687,402.983607731397,1.66921358984202,45.5401468279393,1,24.96993753839929
CAN,49982.5999118346,97.5,37072620,4.13498944297029,16.0849877885792,17.1296813071885,2.26822567248103,100,81.411,Canada,North America,High income,537,4.7,81.8258536585366,7681.96398709014,21.1711616838864,66.1649020669781,1.5273703265836252e-4,6.692047716060199
TCD,2227.81335372611,66.25,16156531,12.830790184244,48.2481371851463,2.04665537566992,4.27462198610545,10.1,23.059,Chad,Sub-Saharan Africa,Low income,322,72.8,51.32,217.019809756483,4.28368538481437,48.5114982079885,1,26.888279898683358
CHL,25305.0903462611,77.5,18893191,25.4100576706853,19.0082501150811,12.0636582777361,2.43488981353057,100,87.564,Chile,Latin America & Caribbean,High income,1522,6.8,80.008,1968.30286182049,6.44020473608023,59.3491104775309,0.9999964233976883,13.374141930605765
CHN,16298.2050619109,75.625,1402760000,149.417194545073,18.3284745596771,11.5162092042497,2.07479039965576,100,59.152,China,East Asia & Pacific,Upper middle income,645,8.2,76.975,2172.63043957296,9.50741060687316,38.6971848362233,0.26968191712512485,15.156684342679787
COL,15239.4049488277,81.875,49024465,44.1860883280757,22.6839423675104,7.91335297679074,3.24056932930569,98.5,80.778,Colombia,Latin America & Caribbean,Upper middle income,3240,14,76.067,887.262025874734,3.95171252081651,38.3607641184453,1,24.708777336123813
COG,5593.19370578686,49.375,5483118,16.0559824304539,42.0513291889761,2.70147386942977,1.15277896375523,47,66.916,Republic of Congo,Sub-Saharan Africa,Lower middle income,1646,35,63.662,552.356622008088,3.92219368363151,117.320721558581,1,23.674674231867847
CRI,21498.035074686,80,4957818,97.0978848413631,21.4468038157109,9.74221925855286,2.22111461526581,99.7,79.34,Costa Rica,Latin America & Caribbean,High income,2926,7.8,80.407,1024.45144520777,2.98123427004934,60.7535619395756,1,23.333978225150485
CIV,4945.62520575915,78.125,27464173,86.3653238993711,42.3825422011167,2.48160762899374,0.359409031380677,67.1,50.779,Cote d'Ivoire,Sub-Saharan Africa,Lower middle income,1348,59,58.281,383.892794978009,1.03393988721218,52.7128647411445,1,26.068173678791702
HRV,29788.6686206675,93.75,3988775,71.2739439639768,14.5666392040683,20.6682803013664,1.50012501041756,100,56.947,Croatia,Europe & Central Asia,High income,1113,4.2,77.2756097560976,2018.54259233172,6.08380853741517,90.6409410989512,0.022321574145601195,10.76372855860663
CYP,40924.6171875,91.25,1270737,137.525649350649,15.9248074444958,13.1664879646662,1.43549119531759,100,66.81,Cyprus,Europe & Central Asia,High income,498,2.4,81.464,1677.40248205105,6.85993134902608,137.276426477193,0.9184031126336893,14.171445000830586
CZE,41638.1831076596,93.75,10629928,137.675534257221,15.7768550518408,19.5315793430182,2.14949494949493,100,73.792,Czechia,Europe & Central Asia,High income,677,2.6,78.5780487804878,3982.18836315647,12.6587951006153,154.018400997633,0,8.07351551205492
DNK,57233.6231685618,100,5793636,144.8409,16.552020172513,19.4403886413888,0.813609467455631,100,87.874,Denmark,Europe & Central Asia,High income,703,3.5,80.7024390243902,2848.24005833514,8.6487986328102,105.130362453899,0,9.189962387084995
DOM,17994.8382742736,86.25,10782053,223.18470296005,28.2130950286975,6.35280190364479,3.56443426013508,98.9,81.074,Dominican Republic,Latin America & Caribbean,Upper middle income,1410,31.2,72.982,797.923170664734,3.65070668623319,52.3471238667007,0.994829974767854,16.97047536379472
ECU,12186.8846084388,89.375,17049547,68.6485223063295,27.40143850747,7.19452567257434,-0.224103246005552,98.7,63.821,Ecuador,Latin America & Caribbean,Upper middle income,2274,12.9,76.222,936.659126017204,4.41222840579176,47.8280397077826,1,17.310654481416325
EGY,12329.2446781436,45,105682094,106.165145411623,33.9830711245326,4.47225716625305,14.4014657807422,100,42.704,Egypt,"Middle East, North Africa, Afghanistan & Pakistan",Lower middle income,18.1,21.2,70.135,809.491449214396,3.23500199433033,34.8459429600229,0.9995340366042619,22.41912820188676
SLV,9203.76216310773,88.75,6219807,300.183735521236,27.0434896899944,7.49958097577779,1.09033000581892,97,72.023,El Salvador,Latin America & Caribbean,Upper middle income,1784,12.5,70.952,674.353996656659,1.91449228581834,76.5602707370519,1,20.208497600298852
GNQ,18413.1294204577,51.875,1616422,57.6264527629233,38.1591873904216,3.39134829889719,1.06007410662171,66.5,72.143,Equatorial Guinea,Sub-Saharan Africa,Upper middle income,2156,63.4,60.635,1329.54186375437,9.82046504526031,98.8780591680756,1,24.892007498413278
EST,37120.9879761677,97.5,1321977,30.9234385964912,16.3638660493531,19.6754905294355,3.43632688420446,100,68.88,Estonia,Europe & Central Asia,High income,626,2.5,77.590243902439,3695.11919135189,18.1828894022915,148.507157123558,0,11.03740635833916
SWZ,8536.99394749905,43.75,1168929,67.960988372093,35.5570203335616,3.68640709298551,4.81506167461513,74,23.799,Eswatini,Sub-Saharan Africa,Lower middle income,788,54.9,54.941,1046.30784939115,2.56463655908709,88.2380778212486,1,19.822433299753005
FIN,49248.6775395866,97.5,5515525,18.1479501184522,16.069177706368,21.6154814502107,1.08382098409305,100,85.382,Finland,Europe & Central Asia,High income,536,2,81.4804878048781,5921.59681653244,10.9904114056477,71.9618253787014,0,10.645952734294157
FRA,46381.0590629457,100,67158348,122.650880182337,17.7811833774633,20.0394210628073,1.85081508315502,100,80.444,France,Europe & Central Asia,High income,867,3.2,82.3219512195122,3795.9498874457,6.9179797786485,63.5046871956484,0.01737001909721598,9.582001933557908
GAB,15432.0430535353,57.5,2212318,8.58585788023441,36.7075024267538,3.99083766231565,4.74906652083221,89.6,89.37,Gabon,Sub-Saharan Africa,Upper middle income,1831,33.5,66.336,2550.96047927478,10.4666904133241,73.9497814588281,1,24.820811606356852
GEO,15021.9057577433,79.375,3726549,65.197330207495,20.5458306026783,14.5183098161021,2.6152447139767,99.9,58.632,Georgia,Europe & Central Asia,Upper middle income,1026,8.9,73.241,1259.15997860484,4.44812679651118,97.0163115086257,0.1907850932790688,9.024948431333172
DEU,56273.0405627017,100,82905782,237.294012250272,13.5626162807968,21.4497613850113,1.73216879766942,100,77.312,Germany,Europe & Central Asia,High income,700,3.3,80.6414634146341,3780.85027551891,11.1097778312776,77.791356764377,0,9.187170121166899
GHA,5536.49795400218,75,30637585,134.647029093786,37.8459029627483,3.40728721613155,7.80876516610703,80.4,56.06,Ghana,Sub-Saharan Africa,Lower middle income,1187,37.7,63.175,329.310413380585,1.16074090708176,76.5212709243242,1,26.24150961871297
GRC,29792.0592519585,97.5,10732882,83.2651823118697,14.3685256429283,21.8966337548395,0.62562141345364,100,79.058,Greece,Europe & Central Asia,High income,652,3.6,81.0365853658537,2148.04707916151,8.45617682032049,65.2718011391214,0.839481166417077,14.253120176553905
GTM,9946.80385923331,73.75,16845685,157.201241134752,34.8649698721067,4.37433087464238,3.75186186704516,94.2,51.054,Guatemala,Latin America & Caribbean,Upper middle income,1996,23.3,70.915,787.263517462421,2.26603946732677,49.8934532700313,1,20.81783878458615
HTI,3196.97386370614,61.25,10962362,397.763497822932,33.2680067822972,4.29881788711147,12.4814111170435,44.4,55.278,Haiti,Latin America & Caribbean,Lower middle income,1440,50,63.224,400.138818358845,1.26961824122262,41.9457381172044,1,23.255793152627724
HND,5633.3832384519,75,9765210,87.2750916078291,33.1413951598893,3.76996993561992,4.34734937777528,91.6,57.096,Honduras,Latin America & Caribbean,Lower middle income,1976,17.2,71.323,659.394073401803,2.31695283418703,107.26440535424,0.9931399798404644,22.304625112706553
HUN,32258.2577892511,93.75,9706964,106.366031119877,14.5465240375272,19.1292329288769,2.85024792594646,100,71.351,Hungary,Europe & Central Asia,High income,589,4.2,75.5682926829269,2571.15090547951,6.4717172454302,167.290738494524,0.002493881577048386,11.056250920265262
ISL,57197.7676247175,100,352721,3.49817514628583,19.1787538188599,14.1209962193995,2.68291768267392,100,93.813,Iceland,Europe & Central Asia,High income,1940,2,82.4682926829268,16910.7212326475,14.606955549174,95.8182079086458,0,1.6474359035491912
IND,6714.96639877754,71.875,1374659064,462.351569862673,27.3277554659182,6.01925951437221,3.9388264669163,95.7,34.03,India,South Asia,Lower middle income,1083,36.6,69.326,621.233101872706,2.48676707769588,41.9229138658647,0.9999999985863207,25.22040614139472
IDN,11372.0971987612,64.375,269951846,143.781152680745,26.3349404427949,6.3509593367423,3.1983464156241,98.5,55.325,Indonesia,East Asia & Pacific,Upper middle income,2702,22.3,69.52,692.359585231709,3.46569099592795,41.9376402415294,1,24.986487181600708
IRN,14839.5691945218,31.25,86117998,53.0773485362096,23.9619208286751,6.75643435185291,18.0141183371874,100,74.898,Iran,"Middle East, North Africa, Afghanistan & Pakistan",Upper middle income,228,13.9,75.907,2736.74412885975,9.69993329166594,39.42258866118,0.9811441390511226,15.174000122880335
IRQ,12034.4011214944,45,40265624,92.7505804739616,39.3308652148187,3.23303566296358,0.367441488936849,99.9,70.473,Iraq,"Middle East, North Africa, Afghanistan & Pakistan",Upper middle income,216,26.7,69.977,998.349545341439,7.34593902882374,69.5917685983115,1,22.302832058325816
IRL,86299.3420216976,97.5,4898022,71.0991725939904,20.6992100962216,13.953591703573199,0.471130713712916,100,63.17,Ireland,Europe & Central Asia,High income,1118,3.2,81.4536585365854,2823.99503839584,13.8228401493251,216.205677349797,8.609363648647474e-4,9.18986424937267
ISR,40189.9909957069,80.625,8882800,410.480591497227,28.203146238634,11.7012951661424,0.794075660242623,100,92.418,Israel,"Middle East, North Africa, Afghanistan & Pakistan",High income,435,3.1,82.0512195121951,2607.84399987972,9.82861779692366,58.897971915566,0.9976401526318983,18.675328350633166
ITA,43386.7005868803,97.5,60148658,203.398704170865,13.2174935892537,22.806214328884298,1.13748763600391,100,70.438,Italy,Europe & Central Asia,High income,832,3,82.5439024390244,2533.02354460955,7.13609694103091,55.4356858148221,0.9743327267309687,14.16907860463915
JAM,10035.2797738175,68.125,2820097,260.39676823638,21.6937712259948,6.7806520873835,3.73663882152163,98.2,55.674,Jamaica,Latin America & Caribbean,Upper middle income,2051,17.6,72.214,903.435894725802,2.98476307513129,76.1175216623476,1,26.35104179382324
JPN,42141.9352987758,78.75,126811000,347.903978052126,12.4912219201068,28.3452163347643,0.989094598021848,100,91.616,Japan,East Asia & Pacific,High income,1668,2,83.7939024390244,3400.59271053608,10.4890137721113,35.4274083544798,0.2877357031128949,12.646819969922266
JOR,9042.39781871198,31.875,10462306,117.84530299617,33.7105175474699,3.64857422445874,4.46231108475481,99.9,90.979,Jordan,"Middle East, North Africa, Afghanistan & Pakistan",Lower middle income,111,15,75.06,903.433667037898,3.42233917799028,95.3579122266791,0.9985820510522162,20.867473133738034
KAZ,25096.1285862615,69.375,18932727,7.01290032225803,28.8100897670497,7.30176395882548,6.16366247577756,100,57.428,Kazakhstan,Europe & Central Asia,Upper middle income,250,9.5,72.024,3052.91836942759,14.9615998390637,53.0497288072652,0,3.5457151915659684
KEN,4411.56104120886,83.75,50207107,88.215741293882,40.4529458304285,2.64365458615595,4.6898064677633,61.2,27.03,Kenya,Sub-Saharan Africa,Lower middle income,630,39.1,62.279,528.550711644325,1.75513882086689,40.3273846919019,1,20.597099453215527
KOR,43044.2917633371,85,51585058,528.969011484824,12.7122160201177,14.4543760222277,1.47583935002645,100,81.459,Korea,East Asia & Pacific,High income,1274,2.9,82.0243902439024,5239.00345362778,13.9049522093986,79.132494389092,0.037037037312984425,12.184374809265153
KWT,51370.7320487321,29.375,4323515,242.621492704826,21.0766441823686,3.24320917336232,0.543133148199567,100,100,Kuwait,"Middle East, North Africa, Afghanistan & Pakistan",High income,121,7.8,79.3765609756098,9731.54449633626,37.1775065496193,98.6999883228859,1,22.28891194581533
KGZ,4777.94175395575,76.875,6444079,33.5979092805005,32.3299691629984,5.1512820157017,1.54266145238436,100,36.351,Kyrgyz Republic,Europe & Central Asia,Lower middle income,533,19.4,70.6512195121951,659.12770366868,3.24072571752884,110.961570714633,0.007758135564892216,3.481215045669338
LAO,7486.86452700433,85,7128045,30.8840771230503,32.2217452330899,4.1282707951479,2.04039266890201,92.9,35.004,Lao PDR,East Asia & Pacific,Lower middle income,1834,47.1,66.688,602.339548780014,3.29299750280998,85.798321703681,0.9998773047918028,24.39579346172788
LVA,29817.8047263182,100,1927174,30.9700612274415,15.8327920696746,20.1981958800325,2.53445424186598,100,68.142,Latvia,Europe & Central Asia,High income,667,4.3,74.4804878048781,2155.8522069549,6.04977833425283,126.380014406006,0,6.9179609133903845
LBN,21985.4884702241,52.5,5984119,584.957869012708,27.4621771841288,8.33008097515432,6.07698907889607,99.7,88.593,Lebanon,"Middle East, North Africa, Afghanistan & Pakistan",Lower middle income,661,11.2,78.275,1284.15018153506,5.0096647817085,71.8390426347811,0.9724644664580285,15.396993377711508
LBY,18879.3151301984,50,6849055,3.89252588744786,30.2697474520023,4.60938805494977,13.1702038536721,67,80.102,Libya,"Middle East, North Africa, Afghanistan & Pakistan",Upper middle income,56,10.6,71.644,3230.9775723301,11.0102561017077,56.9049073326883,1,19.80627458236311
LTU,36491.9385223689,93.75,2819200,45.0135717707169,15.0467907330584,19.7309309832227,2.69792779208394,100,67.679,Lithuania,Europe & Central Asia,High income,656,4.1,74.3219512195122,2420.60555053468,7.99708976888189,138.195575009601,0,6.3604013387072404
LUX,116638.414163882,100,607950,236.146609386046,16.0943659030326,14.3776280584969,1.5281952430738,100,90.981,Luxembourg,Europe & Central Asia,High income,934,2.2,82.2926829268293,6548.75962101678,17.9812641765156,351.13197436149,0,9.309647891743563
MDG,1546.59563549795,66.875,27494926,47.2583808869027,40.9322941985732,3.01848784753958,8.59422958870476,36.5,37.191,Madagascar,Sub-Saharan Africa,Low income,1513,43.8,63.362,275.43076854299,1.22013464428065,61.2203788365078,1,21.781696566459985
MYS,27793.5674222948,50,32910967,100.170345457312,24.8758172313807,6.26670890587931,0.884709160571235,100,76.036,Malaysia,East Asia & Pacific,Upper middle income,2875,6.6,75.288,2706.92696275778,9.47867687038478,131.37007244526,1,25.273068847422753
MLT,48177.3556388899,88.75,483903,1512.196875,13.7973305541654,18.7496839900321,1.15782362451517,100,94.612,Malta,"Middle East, North Africa, Afghanistan & Pakistan",High income,560,5.8,81.8975609756097,1448.8722651887,4.60987798838413,207.19639824364,1,17.524999618530273
MUS,23068.2409674878,89.375,1265577,633.739108662994,17.3975924741249,10.3966493732511,3.21605383144579,99.8,40.793,Mauritius,Sub-Saharan Africa,Upper middle income,2041,13,74.3531707317073,1136.14919149846,4.37880430350018,107.145979436304,1,20.396492004394535
MEX,20921.4775260265,88.75,124573711,64.0827752771419,26.7483787169189,7.14422403295026,4.89935015356551,99.5,80.156,Mexico,Latin America & Caribbean,Upper middle income,758,13.9,74.431,1527.09144608898,5.72160738393799,70.4129746726021,0.9811653784539883,20.56880756187614
MDA,11868.1955463223,87.5,2707203,94.2543946689506,19.4953790269623,13.3074098865074,3.04505397337058,100,42.629,Moldova,Europe & Central Asia,Upper middle income,450,14.2,70.118,1307.96935412889,4.07598366418921,88.9664154565323,0.9743145620088296,13.980440642246245
MNG,12317.4824277695,85,3208189,2.06015649331677,31.6053636290742,4.04957088820743,6.82424790145522,98.1,68.445,Mongolia,East Asia & Pacific,Upper middle income,241,15.7,70.810243902439,1516.3411002122,16.0848984295297,89.653663477814,0,-0.7984164473239455
MAR,7801.0986328125,75.625,35839760,80.3041900067219,27.4330324756639,6.45847935365639,1.80391671141896,98.1,62.453,Morocco,"Middle East, North Africa, Afghanistan & Pakistan",Lower middle income,346,21.6,72.894,563.603106638362,2.70086144113828,67.2886759253849,1,16.977189026820813
MOZ,1325.58695568953,82.5,29018644,36.9015539561026,45.3724880223127,2.79398474315366,3.91133439990729,31.1,35.988,Mozambique,Sub-Saharan Africa,Low income,1032,53.8,58.711,385.146567058837,0.951209398735221,98.7612036510901,1,23.849501515095046
NAM,9853.73533646074,80,2577327,3.13052144444849,36.8285702257747,3.56049185076086,4.29159105337875,52.3,50.032,Namibia,Sub-Saharan Africa,Lower middle income,285,47.5,60.008,716.980313790667,4.96053573684876,97.2390317873478,1,21.404661403782125
NPL,3956.12461094443,71.875,28079689,195.882029996512,31.6230621357665,5.94674321357334,4.0611633875107,93.9,19.74,Nepal,South Asia,Lower middle income,1500,32.6,67.374,426.325523071049,1.5531978233321,46.6657303895158,1,18.813571994566868
NLD,58819.2609142584,97.5,17231624,511.779744579745,16.0002168612242,18.7510079268288,1.7034979474447,100,91.49,Netherlands,Europe & Central Asia,High income,778,3.5,81.509756097561,3997.17333668697,11.8661165106831,160.325812564809,0,9.189962387084963
NZL,42527.2784103301,94.375,4900600,18.6115225399719,19.3128555125267,15.0578869326057,1.59829703801696,100,86.538,New Zealand,East Asia & Pacific,High income,1732,4.7,81.6124390243903,4417.09457359418,18.6640994489521,54.851331734287,1,14.243333816528338
NIC,5935.16693631386,86.25,6400080,53.1833139438258,31.1421029112136,5.00772646591918,4.94723728039886,85.2,58.522,Nicaragua,Latin America & Caribbean,Lower middle income,2280,14.6,72.899,611.876331871945,3.08299144455483,98.194164594236,1,23.050048891640387
NER,1275.99643935327,56.875,22188069,17.5164356201153,48.5876170657302,2.49142005101931,2.96760366004456,17.6,16.425,Niger,Sub-Saharan Africa,Low income,151,69.3,58.85,148.786532469365,1.48274545327069,44.727430371186,1,26.822565884911597
MKD,18460.1193633742,85,1889051,74.9028945281523,17.3522714279649,15.0850497869881,1.45831298507117,99.8,57.963,North Macedonia,Europe & Central Asia,Upper middle income,619,9.9,75.4024390243902,1387.97962391811,5.52271194239789,113.698443879103,0.08873347118298104,10.700126394439247
NOR,70253.8463693386,96.875,5311916,14.5488896436123,17.6387642308259,17.0853969570307,2.76483134528788,100,82.248,Norway,Europe & Central Asia,High income,1414,2.2,82.3048780487805,4930.48137593923,11.7661445547909,70.431856540017,0,9.084496984534189
OMN,37780.3308327271,32.5,4597877,14.8558222940226,22.8822646971347,2.5835616542633,0.889312370970404,100,84.539,Oman,"Middle East, North Africa, Afghanistan & Pakistan",High income,125,9.1,79.346,6027.44597600521,26.101610673625,96.3775801852347,1,22.201354694527996
PAK,4979.3734961655,52.5,226928892,294.376416562889,38.2979161633197,3.93281543027845,5.07805725868917,93.4,36.666,Pakistan,"Middle East, North Africa, Afghanistan & Pakistan",Lower middle income,494,64.1,65.641,437.113254936443,1.99274674584483,26.6881860172247,0.9998711427987167,20.575163488178543
PAN,32463.540359127,79.375,4167860,56.1857643569695,27.0770458848131,7.82908880947431,0.761578359399944,93.8,67.709,Panama,Latin America & Caribbean,High income,2928,13.6,77.583,1024.97759926054,4.15506428604798,96.5791573428957,1,25.695763451189006
PRY,14139.0931267561,94.375,6427382,16.1776541656179,29.4697304026531,5.90441846341313,3.97561015740694,99.6,61.585,Paraguay,Latin America & Caribbean,Upper middle income,1130,19.5,73.454,925.193411629783,6.61711616123322,66.9150655259573,0.9916053472953412,19.634589269691013
PER,13078.2323503405,95,31897584,24.9199875,26.3792882617581,8.50395140434384,1.50915423024742,95.2,77.907,Peru,Latin America & Caribbean,Upper middle income,1738,14.7,75.732,743.011209215106,2.88043050010506,45.1627686891148,1,18.060312564006082
PHL,8357.74357934219,78.75,109465287,367.123744843546,31.786152133261,4.31408910623004,5.30934661627707,94.2,46.907,Philippines,East Asia & Pacific,Lower middle income,2348,22.2,69.45,499.070776259238,1.86174750404964,59.1415921053094,1,24.97095554332008
POL,32345.1066076225,93.75,37974750,124.031583760656,15.3086980135663,17.0145616085721,1.81295156542679,100,60.058,Poland,Europe & Central Asia,High income,600,4.2,77.4512195121951,2498.7721796386,10.2307556712648,92.2554272741942,0,8.0621194144348909
PRT,34896.7993382974,97.5,10283822,112.261935951514,13.7175842801694,21.9323930135851,0.993715683468326,100,65.211,Portugal,Europe & Central Asia,High income,854,2.9,81.1243902439025,2121.0872664787,6.43939086757039,80.6346756266443,1,17.008094787597663
QAT,110032.713236323,29.375,2580734,224.606962576153,13.9548780902974,1.14427291316419,0.255815382724408,100,99.135,Qatar,"Middle East, North Africa, Afghanistan & Pakistan",High income,74,6.4,81.785,16427.7565434994,59.5579463412491,93.7076041736357,1,22.313714981079084
ROU,29586.014645951,90.625,19473970,84.6399947844228,15.9498541474299,18.2496778221635,4.62548443137779,99.8,53.998,Romania,Europe & Central Asia,High income,637,7.7,74.9121951219512,1598.69179785792,5.76521062983861,83.5205767017155,0.9203677990109262,14.035720765386587
RUS,28628.5625,73.125,145398106,8.87825976514438,17.5865003152647,14.6302500942335,2.87829723647884,100,74.433,Russian Federation,Europe & Central Asia,High income,460,6.6,71.1834146341463,4785.19572494067,15.6085863125844,49.3593493116887,9.650864626863699e-4,4.374282836584292
RWA,2125.49522712839,78.125,12487996,506.201702472639,40.1229508721816,3.24675392272707,-0.311210160390699,38,17.211,Rwanda,Sub-Saharan Africa,Low income,1212,33.7,65.419,350.169173195487,0.58276522157776,45.2019756159103,1,19.784947168268513
SAU,59377.8025368768,38.125,30196281,14.0468072140634,25.6624586752422,2.38074635666274,2.45719835917883,99.9,83.844,Saudi Arabia,"Middle East, North Africa, Afghanistan & Pakistan",High income,59,7.4,77.776,7786.91651664863,25.2456518701699,67.105269230059207,1,19.963795105936605
SEN,3380.21596529445,63.75,15914498,82.6598348309354,41.338892959775,3.49937511383095,0.460985642464188,66,47.192,Senegal,Sub-Saharan Africa,Lower middle income,686,37.3,66.451,296.775621300382,1.59629079885874,58.1103376742017,1,25.847462557600554
SGP,103963.36329269,82.5,5638676,7897.30532212885,12.3293830835908,10.4836486140996,0.438784215129623,100,100,Singapore,East Asia & Pacific,High income,2497,2.2,82.7439024390244,5832.18748421598,11.8792188331639,329.471398940262,1,25.35208320617676
SVK,31509.8187291635,94.375,5446771,113.285586522463,15.6869209322697,15.7269155531126,2.51403712883812,100,53.726,Slovak Republic,Europe & Central Asia,High income,824,5.1,76.5634146341463,3130.38319862266,8.17601899479719,179.42602289503,5.981082789472255e-4,8.41865882725348
SVN,38620.2045436305,90.625,2073894,102.992292564709,15.0857183723161,19.4617683036878,1.7386086198818,100,54.541,Slovenia,Europe & Central Asia,High income,1162,2.1,80.7756097560976,3191.92171414285,9.12973926730444,147.218367714503,0.03731738833584424,10.810077757597616
ZAF,13347.3634826038,88.125,58613001,48.3171083761304,27.8564496966846,5.77660923535215,4.50987264867388,84.7,66.355,South Africa,Sub-Saharan Africa,Upper middle income,495,29.7,64.053,2242.74396883532,10.2830787861483,56.7266761447156,0.901535291545786,17.668710931621227
ESP,41015.1565755187,97.5,46782011,93.638281089712,14.665685455539,19.2023408408683,1.6749813686379,100,80.321,Spain,Europe & Central Asia,High income,636,2.7,82.8317073170732,2552.40125248088,7.54454814531713,63.5820412248232,0.9999136027683282,16.745877111840777
LKA,14178.0225361887,63.125,21670000,350.284495021337,23.9530298630511,10.0359733858419,2.135037737132,99.6,18.476,Sri Lanka,South Asia,Lower middle income,1712,7.4,75.99,501.472734960701,1.8356652360515,46.9179708088816,1,26.768669851741286
SDN,4199.25048828125,29.375,44230596,23.6780492505353,42.0098567064301,2.84336548392882,63.2925073455888,55.3,34.642,Sudan,Sub-Saharan Africa,Low income,250,49,64.375,463.361659242171,3.23748262654877,18.3782728546541,1,25.88096413175351
SWE,53122.438677218,100,10175214,24.9814588688378,17.7606158064773,19.862537160070602,1.95353530127028,100,87.431,Sweden,Europe & Central Asia,High income,624,2.3,82.2048780487805,4575.32694997706,5.85660890608669,84.1571739317941,0,9.173460696446126
CHE,70688.8187491194,85.625,8514329,215.500094533915,14.9873869005651,18.3875840156537,0.936335464113563,100,73.797,Switzerland,Europe & Central Asia,High income,1537,3.7,82.8975609756098,2923.00005538894,5.95453296364965,117.138482368571,0.07239294353460139,9.690869175636877
SYR,3455.89227013449,34.375,19577845,106.615721831945,37.9352196321914,4.46661775083008,0.940983843906769,86,54.162,Syria,"Middle East, North Africa, Afghanistan & Pakistan",Low income,252,25.6,63.265,560.58265085038,2.11831192767858,51.0862078228369,0.97254854186891,17.261080596328533
TZA,2727.88012695313,81.25,57437145,64.842114472793,43.7638338723472,2.982650016663,3.49445848856181,34.9,33.776,Tanzania,Sub-Saharan Africa,Lower middle income,1071,41.1,63.928,419.719594250318,1.37216801181032,40.7576808778314,1,22.203436377854032
THA,18876.2208766741,75,71376079,139.709289670966,16.9415128347237,11.7833301811334,1.06389754183024,99.8,49.949,Thailand,East Asia & Pacific,Upper middle income,1622,10.3,76.563,1932.67390968815,6.06922703380363,124.839662152526,1,26.07753521917711
TGO,2067.09131262388,84.375,8258778,151.843684500827,41.0868775017321,2.95794971120425,0.928170503538543,50,41.702,Togo,Sub-Saharan Africa,Low income,1168,45.4,59.22,400.729144636073,0.973797482642684,68.2000884209784,1,26.393314192942697
TUN,11841.4061980603,64.375,11765514,75.7306513903193,25.0818610609846,7.62598609691059,7.30759176031652,99.8,68.945,Tunisia,"Middle East, North Africa, Afghanistan & Pakistan",Lower middle income,207,16,74.875,952.983955126789,3.71497274576347,87.2485306596052,1,17.523450747363597
TUR,28299.395541248,82.5,81407204,105.774468250978,23.1214938912891,8.17189463389264,16.3324638988928,100,75.143,Turkey,Europe & Central Asia,Upper middle income,593,11,76.539,1646.83631130339,6.3495123703441,51.0885436007552,0.9011324551119901,13.820544181695588
UGA,2312.05752813495,70,41565831,207.290200478755,46.3282822373983,2.00923927155456,2.61601190952274,41.9,23.774,Uganda,Sub-Saharan Africa,Low income,1180,38.4,63.831,470.560471935976,1.14531958081231,37.6892983324358,1,22.400764258287605
UKR,12554.8486328125,79.375,45208907,78.0271090783569,15.4195267317566,16.3479433378029,10.9518559353178,100,69.352,Ukraine,Europe & Central Asia,Upper middle income,565,9.2,72.686,2027.67298191168,6.78421329164972,107.806616298156,0.026242233449067762,7.314131009592474
ARE,75071.180051653,30,9346701,131.606603773585,16.7091550433461,1.50109608885113,3.06863379251997,100,86.522,United Arab Emirates,"Middle East, North Africa, Afghanistan & Pakistan",High income,78,6.1,82.076,10146.376786057,29.8627186990792,169.476236698198,1,22.311100573289394
GBR,47212.2045190522,97.5,66289000,274.000744016864,18.0517860948227,18.2557500676941,2.29283990345938,100,83.398,United Kingdom,Europe & Central Asia,High income,1220,3.9,80.9560975609756,2774.79682774608,7.69847437315634,57.2035496863734,0.007799259311966029,9.189073353356418
USA,62875.6661382728,91.25,328529577,35.9149986553586,18.7864697356003,15.2914866245804,2.44258329692817,100,82.256,United States,North America,High income,715,5.8,78.690243902439,6787.32222021056,19.6665647043975,27.6882139340768,0.043981852423141704,8.69002371818882
URY,24386.4948473952,88.75,3394534,19.3951205576506,20.4930190712481,14.9558820150277,7.60653360377047,99.8,95.334,Uruguay,Latin America & Caribbean,High income,1300,7.5,77.285,1491.04897158511,11.8745540773696,45.3282408087534,1,17.008094787597656
UZB,8128.75520303523,64.375,32373490,73.4780871882284,29.0174502499198,5.06720768957552,17.5241796514055,100,50.478,Uzbekistan,Europe & Central Asia,Lower middle income,206,18.6,71.33,1165.60752398201,5.65357064829932,30.7561914307205,0.0819160052320014,8.552811400135637
VNM,10009.9714756006,81.875,96237319,307.046632570694,24.5830496141364,6.98161953689909,3.53962805942641,100,35.919,Viet Nam,East Asia & Pacific,Lower middle income,1821,15.6,73.955,679.445923972947,3.70666600418899,144.914228195237,0.9999911602469768,23.77794484846578
ZMB,3442.27307196302,78.75,17973569,24.1778460834824,44.1450304054804,1.76725056665151,7.4945719272852,40.2,43.521,Zambia,Sub-Saharan Africa,Lower middle income,1020,42.5,60.728,686.58901801905,1.44006170098839,79.8652687573958,1,21.027521083375248
ZWE,2614.40531425512,86.875,15034452,38.8637766576192,42.9204370069491,3.46510135520736,10.6188658669575,45.4,32.209,Zimbabwe,Sub-Saharan Africa,Lower middle income,657,52.8,58.989,453.579542968744,2.09773405996647,56.7496526604333,1,20.156542043840194
